{"cameraMode":{"drawMode":0,"name":"Shaded","section":"Shading Mode"},"sceneLighting":true,"audioPlay":false,"sceneViewState":{"showFog":true,"showMaterialUpdate":false,"showSkybox":true,"showFlares":true,"showImageEffects":true,"showParticleSystems":true},"in2DMode":false,"pivot":{"x":428.00244140625,"y":598.4251098632813,"z":-254.488525390625},"rotation":{"x":0.23603856563568116,"y":-0.27474260330200198,"z":-0.06977106630802155,"w":-0.9294806718826294},"size":1132.5667724609375,"orthographic":false}